CREATE TABLE sales
(id int,
 sale_date date,
 product_id int,
 shop_id int,
 customer_id int,
 quantity int,
 price int
);

insert into sales (id, sale_date, product_id, shop_id, customer_id, quantity, price) values (1,'01/01/2023', 1, 1, 1, 1, 4);
insert into sales (id, sale_date, product_id, shop_id, customer_id, quantity, price) values (2,'01/01/2023', 2, 1, 1, 2, 2);
insert into sales (id, sale_date, product_id, shop_id, customer_id, quantity, price) values (3,'01/01/2023', 3, 1, 1, 1, 1);
insert into sales (id, sale_date, product_id, shop_id, customer_id, quantity, price) values (4,'01/01/2023', 4, 1, 1, 1, 2);
insert into sales (id, sale_date, product_id, shop_id, customer_id, quantity, price) values (5,'01/02/2023', 5, 1, 1, 1, 3);
insert into sales (id, sale_date, product_id, shop_id, customer_id, quantity, price) values (6,'01/02/2023', 6, 1, 1, 1, 3);
insert into sales (id, sale_date, product_id, shop_id, customer_id, quantity, price) values (7,'01/03/2023', 3, 2, 2, 1, 1);
insert into sales (id, sale_date, product_id, shop_id, customer_id, quantity, price) values (8,'01/03/2023', 7, 3, 3, 1, 3);
insert into sales (id, sale_date, product_id, shop_id, customer_id, quantity, price) values (9,'01/03/2023', 8, 1, 1, 1, 1);
insert into sales (id, sale_date, product_id, shop_id, customer_id, quantity, price) values (10,'01/03/2023', 9, 1, 1, 1, 1);
insert into sales (id, sale_date, product_id, shop_id, customer_id, quantity, price) values (11,'01/03/2023', 10, 1, 1, 1, 2);
insert into sales (id, sale_date, product_id, shop_id, customer_id, quantity, price) values (12,'01/04/2023', 11, 1, 1, 2, 2);
insert into sales (id, sale_date, product_id, shop_id, customer_id, quantity, price) values (13,'01/04/2023', 8, 1, 1, 2, 1);
insert into sales (id, sale_date, product_id, shop_id, customer_id, quantity, price) values (14,'01/04/2023', 12, 4, 4, 1, 2);
insert into sales (id, sale_date, product_id, shop_id, customer_id, quantity, price) values (15,'01/05/2023', 5, 2, 2, 1, 3);
insert into sales (id, sale_date, product_id, shop_id, customer_id, quantity, price) values (16,'01/05/2023', 13, 4, 4, 2, 2);
insert into sales (id, sale_date, product_id, shop_id, customer_id, quantity, price) values (17,'01/05/2023', 14, 1, 1, 1, 2);
insert into sales (id, sale_date, product_id, shop_id, customer_id, quantity, price) values (18,'01/06/2023', 15, 1, 1, 2, 1);
insert into sales (id, sale_date, product_id, shop_id, customer_id, quantity, price) values (19,'01/06/2023', 14, 2, 2, 2, 2);
insert into sales (id, sale_date, product_id, shop_id, customer_id, quantity, price) values (20,'01/06/2023', 13, 5, 5, 2, 2);
insert into sales (id, sale_date, product_id, shop_id, customer_id, quantity, price) values (21,'01/07/2023', 16, 1, 1, 1, 3);
insert into sales (id, sale_date, product_id, shop_id, customer_id, quantity, price) values (22,'01/07/2023', 3, 1, 1, 1, 1);
insert into sales (id, sale_date, product_id, shop_id, customer_id, quantity, price) values (23,'01/07/2023', 17, 1, 1, 1, 2);
insert into sales (id, sale_date, product_id, shop_id, customer_id, quantity, price) values (24,'01/07/2023', 18, 2, 2, 1, 2);
insert into sales (id, sale_date, product_id, shop_id, customer_id, quantity, price) values (25,'01/07/2023', 9, 4, 4, 2, 1);
insert into sales (id, sale_date, product_id, shop_id, customer_id, quantity, price) values (26,'01/07/2023', 19, 2, 2, 3, 1);
insert into sales (id, sale_date, product_id, shop_id, customer_id, quantity, price) values (27,'01/08/2023', 20, 2, 2, 1, 2);
insert into sales (id, sale_date, product_id, shop_id, customer_id, quantity, price) values (28,'01/08/2023', 21, 1, 1, 2, 1);
insert into sales (id, sale_date, product_id, shop_id, customer_id, quantity, price) values (29,'01/08/2023', 22, 2, 2, 3, 2);
insert into sales (id, sale_date, product_id, shop_id, customer_id, quantity, price) values (30,'01/09/2023', 23, 3, 3, 2, 2);
insert into sales (id, sale_date, product_id, shop_id, customer_id, quantity, price) values (31,'01/09/2023', 17, 4, 4, 3, 2);
insert into sales (id, sale_date, product_id, shop_id, customer_id, quantity, price) values (32,'01/09/2023', 18, 4, 4, 1, 2);
insert into sales (id, sale_date, product_id, shop_id, customer_id, quantity, price) values (33,'01/09/2023', 23, 6, 6, 2, 2);
insert into sales (id, sale_date, product_id, shop_id, customer_id, quantity, price) values (34,'01/09/2023', 3, 4, 4, 1, 1);
insert into sales (id, sale_date, product_id, shop_id, customer_id, quantity, price) values (35,'01/10/2023', 24, 5, 5, 2, 2);
insert into sales (id, sale_date, product_id, shop_id, customer_id, quantity, price) values (36,'01/10/2023', 4, 6, 6, 1, 2);
insert into sales (id, sale_date, product_id, shop_id, customer_id, quantity, price) values (37,'01/10/2023', 6, 1, 1, 1, 3);
insert into sales (id, sale_date, product_id, shop_id, customer_id, quantity, price) values (38,'01/10/2023', 22, 1, 1, 1, 2);
insert into sales (id, sale_date, product_id, shop_id, customer_id, quantity, price) values (39,'01/10/2023', 17, 2, 2, 1, 2);
insert into sales (id, sale_date, product_id, shop_id, customer_id, quantity, price) values (40,'01/11/2023', 8, 5, 5, 2, 1);
insert into sales (id, sale_date, product_id, shop_id, customer_id, quantity, price) values (41,'01/11/2023', 9, 2, 2, 3, 1);
insert into sales (id, sale_date, product_id, shop_id, customer_id, quantity, price) values (42,'01/12/2023', 19, 4, 4, 2, 1);
insert into sales (id, sale_date, product_id, shop_id, customer_id, quantity, price) values (43,'01/12/2023', 20, 4, 4, 1, 2);
insert into sales (id, sale_date, product_id, shop_id, customer_id, quantity, price) values (44,'01/12/2023', 8, 1, 1, 1, 1);
insert into sales (id, sale_date, product_id, shop_id, customer_id, quantity, price) values (45,'01/12/2023', 12, 2, 2, 2, 2);
insert into sales (id, sale_date, product_id, shop_id, customer_id, quantity, price) values (46,'01/12/2023', 5, 3, 3, 2, 3);
insert into sales (id, sale_date, product_id, shop_id, customer_id, quantity, price) values (47,'01/13/2023', 13, 4, 4, 3, 2);
insert into sales (id, sale_date, product_id, shop_id, customer_id, quantity, price) values (48,'01/13/2023', 24, 1, 1, 1, 2);
insert into sales (id, sale_date, product_id, shop_id, customer_id, quantity, price) values (49,'01/14/2023', 16, 2, 2, 2, 3);
insert into sales (id, sale_date, product_id, shop_id, customer_id, quantity, price) values (50,'01/15/2023', 22, 4, 4, 2, 2);
insert into sales (id, sale_date, product_id, shop_id, customer_id, quantity, price) values (51,'01/15/2023', 7, 3, 3, 1, 3);
insert into sales (id, sale_date, product_id, shop_id, customer_id, quantity, price) values (52,'01/15/2023', 8, 5, 5, 1, 1);
insert into sales (id, sale_date, product_id, shop_id, customer_id, quantity, price) values (53,'01/15/2023', 23, 2, 2, 2, 2);
insert into sales (id, sale_date, product_id, shop_id, customer_id, quantity, price) values (54,'01/15/2023', 10, 5, 5, 3, 2);
insert into sales (id, sale_date, product_id, shop_id, customer_id, quantity, price) values (55,'01/16/2023', 11, 3, 3, 3, 2);
insert into sales (id, sale_date, product_id, shop_id, customer_id, quantity, price) values (56,'01/16/2023', 21, 1, 1, 3, 1);
insert into sales (id, sale_date, product_id, shop_id, customer_id, quantity, price) values (57,'01/16/2023', 14, 2, 2, 2, 2);
insert into sales (id, sale_date, product_id, shop_id, customer_id, quantity, price) values (58,'01/16/2023', 18, 3, 3, 2, 2);
insert into sales (id, sale_date, product_id, shop_id, customer_id, quantity, price) values (59,'01/16/2023', 7, 6, 6, 1, 3);
insert into sales (id, sale_date, product_id, shop_id, customer_id, quantity, price) values (60,'01/17/2023', 18, 3, 3, 2, 2);
insert into sales (id, sale_date, product_id, shop_id, customer_id, quantity, price) values (61,'01/17/2023', 23, 1, 1, 3, 2);
insert into sales (id, sale_date, product_id, shop_id, customer_id, quantity, price) values (62,'01/17/2023', 6, 2, 2, 2, 3);
insert into sales (id, sale_date, product_id, shop_id, customer_id, quantity, price) values (63,'01/18/2023', 22, 1, 1, 1, 2);
insert into sales (id, sale_date, product_id, shop_id, customer_id, quantity, price) values (64,'01/18/2023', 7, 3, 3, 1, 3);
insert into sales (id, sale_date, product_id, shop_id, customer_id, quantity, price) values (65,'01/18/2023', 18, 1, 1, 2, 2);
insert into sales (id, sale_date, product_id, shop_id, customer_id, quantity, price) values (66,'01/18/2023', 23, 1, 1, 2, 2);
insert into sales (id, sale_date, product_id, shop_id, customer_id, quantity, price) values (67,'01/18/2023', 19, 3, 3, 1, 1);
insert into sales (id, sale_date, product_id, shop_id, customer_id, quantity, price) values (68,'01/18/2023', 20, 6, 6, 2, 2);
insert into sales (id, sale_date, product_id, shop_id, customer_id, quantity, price) values (69,'01/19/2023', 21, 2, 2, 2, 1);
insert into sales (id, sale_date, product_id, shop_id, customer_id, quantity, price) values (70,'01/19/2023', 12, 2, 2, 1, 2);
insert into sales (id, sale_date, product_id, shop_id, customer_id, quantity, price) values (71,'01/20/2023', 15, 1, 1, 2, 1);
insert into sales (id, sale_date, product_id, shop_id, customer_id, quantity, price) values (72,'01/20/2023', 5, 1, 1, 1, 3);
insert into sales (id, sale_date, product_id, shop_id, customer_id, quantity, price) values (73,'01/21/2023', 6, 4, 4, 2, 3);
insert into sales (id, sale_date, product_id, shop_id, customer_id, quantity, price) values (74,'01/21/2023', 22, 1, 1, 2, 2);
insert into sales (id, sale_date, product_id, shop_id, customer_id, quantity, price) values (75,'01/21/2023', 7, 1, 1, 3, 3);
insert into sales (id, sale_date, product_id, shop_id, customer_id, quantity, price) values (76,'01/21/2023', 8, 2, 2, 1, 1);
insert into sales (id, sale_date, product_id, shop_id, customer_id, quantity, price) values (77,'01/21/2023', 23, 6, 6, 1, 2);
insert into sales (id, sale_date, product_id, shop_id, customer_id, quantity, price) values (78,'01/22/2023', 10, 6, 6, 2, 2);
insert into sales (id, sale_date, product_id, shop_id, customer_id, quantity, price) values (79,'01/22/2023', 11, 1, 1, 2, 2);
insert into sales (id, sale_date, product_id, shop_id, customer_id, quantity, price) values (80,'01/22/2023', 3, 4, 4, 2, 1);
insert into sales (id, sale_date, product_id, shop_id, customer_id, quantity, price) values (81,'01/22/2023', 4, 1, 1, 1, 2);
insert into sales (id, sale_date, product_id, shop_id, customer_id, quantity, price) values (82,'01/23/2023', 17, 2, 2, 1, 2);
insert into sales (id, sale_date, product_id, shop_id, customer_id, quantity, price) values (83,'01/24/2023', 8, 1, 1, 2, 1);
insert into sales (id, sale_date, product_id, shop_id, customer_id, quantity, price) values (84,'01/24/2023', 9, 3, 3, 2, 1);
insert into sales (id, sale_date, product_id, shop_id, customer_id, quantity, price) values (85,'01/24/2023', 22, 1, 1, 3, 2);
insert into sales (id, sale_date, product_id, shop_id, customer_id, quantity, price) values (86,'01/24/2023', 15, 1, 1, 2, 1);
insert into sales (id, sale_date, product_id, shop_id, customer_id, quantity, price) values (87,'01/25/2023', 13, 1, 1, 1, 2);
insert into sales (id, sale_date, product_id, shop_id, customer_id, quantity, price) values (88,'01/25/2023', 14, 5, 5, 1, 2);
insert into sales (id, sale_date, product_id, shop_id, customer_id, quantity, price) values (89,'01/25/2023', 4, 2, 2, 2, 2);
insert into sales (id, sale_date, product_id, shop_id, customer_id, quantity, price) values (90,'01/26/2023', 16, 4, 4, 2, 3);
insert into sales (id, sale_date, product_id, shop_id, customer_id, quantity, price) values (91,'01/26/2023', 22, 2, 2, 1, 2);
insert into sales (id, sale_date, product_id, shop_id, customer_id, quantity, price) values (92,'01/27/2023', 7, 4, 4, 1, 3);
insert into sales (id, sale_date, product_id, shop_id, customer_id, quantity, price) values (93,'01/27/2023', 8, 4, 4, 2, 1);
insert into sales (id, sale_date, product_id, shop_id, customer_id, quantity, price) values (94,'01/27/2023', 9, 4, 4, 1, 1);
insert into sales (id, sale_date, product_id, shop_id, customer_id, quantity, price) values (95,'01/28/2023', 1, 2, 2, 2, 4);
insert into sales (id, sale_date, product_id, shop_id, customer_id, quantity, price) values (96,'01/29/2023', 2, 2, 2, 1, 2);
insert into sales (id, sale_date, product_id, shop_id, customer_id, quantity, price) values (97,'01/29/2023', 3, 4, 4, 2, 1);
insert into sales (id, sale_date, product_id, shop_id, customer_id, quantity, price) values (98,'01/30/2023', 2, 2, 2, 1, 2);
insert into sales (id, sale_date, product_id, shop_id, customer_id, quantity, price) values (99,'01/31/2023', 12, 1, 1, 2, 2);
insert into sales (id, sale_date, product_id, shop_id, customer_id, quantity, price) values (100,'01/31/2023', 7, 6, 6, 3, 3);

CREATE TABLE product
(product_id int,
 category varchar(255),
 name varchar(255)
);

insert into product (product_id, category, name) values (1, 'Seafood', 'Salmon');
insert into product (product_id, category, name) values (2, 'Baverage', 'Tea');
insert into product (product_id, category, name) values (3, 'Bread', 'Toast');
insert into product (product_id, category, name) values (4, 'Milk', 'IceCream');
insert into product (product_id, category, name) values (5, 'Milk', 'Butter');
insert into product (product_id, category, name) values (6, 'Meet', 'Beef');
insert into product (product_id, category, name) values (7, 'Candy', 'Cake');
insert into product (product_id, category, name) values (8, 'Vagetable', 'Potato');
insert into product (product_id, category, name) values (9, 'Fruit', 'Apple');
insert into product (product_id, category, name) values (10, 'Hemicals', 'Shampoo');
insert into product (product_id, category, name) values (11, 'Childcare', 'Juice');
insert into product (product_id, category, name) values (12, 'Bread', 'Tortilla');
insert into product (product_id, category, name) values (13, 'Milk', 'Cheese');
insert into product (product_id, category, name) values (14, 'Grocery', 'Spagetti');
insert into product (product_id, category, name) values (15, 'Spices', 'Mint');
insert into product (product_id, category, name) values (16, 'Meet', 'Pork');
insert into product (product_id, category, name) values (17, 'Candy', 'Chocolate');
insert into product (product_id, category, name) values (18, 'Vagetable', 'Tomato');
insert into product (product_id, category, name) values (19, 'Hemicals', 'Toothpaste');
insert into product (product_id, category, name) values (20, 'Childcare', 'Porrige');
insert into product (product_id, category, name) values (21, 'Baverage', 'Water');
insert into product (product_id, category, name) values (22, 'Bread', 'Baguette');
insert into product (product_id, category, name) values (23, 'Fruit', 'Peer');
insert into product (product_id, category, name) values (24, 'Grocery', 'Rice');

CREATE TABLE shop
(shop_id int,
 name varchar(255),
 region varchar(255)
);

insert into shop (shop_id, name, region) values (1, 'Shop1', 'Moscow');
insert into shop (shop_id, name, region) values (2, 'Shop2', 'Saint-Petersburg');
insert into shop (shop_id, name, region) values (3, 'Shop3', 'Kaliningrad');
insert into shop (shop_id, name, region) values (4, 'Shop4', 'Novosibirsk');
insert into shop (shop_id, name, region) values (5, 'Shop5', 'Vladivostok');
insert into shop (shop_id, name, region) values (6, 'Shop6', 'Tver');

CREATE TABLE Customer
(customer_id int,
first_name varchar(255),
last_name varchar(255),
category varchar(255)
);

insert into customer (customer_id, first_name, last_name, category) values (1, 'Ivan', 'Ivanov', 'with discount cards');
insert into customer (customer_id, first_name, last_name, category) values (2, 'Petr', 'Petrov', 'without discount card');
insert into customer (customer_id, first_name, last_name, category) values (3, 'Aleksey', 'Petrov', 'with discount cards');
insert into customer (customer_id, first_name, last_name, category) values (4, 'Anastasiya', 'Petrova', 'with discount cards');
insert into customer (customer_id, first_name, last_name, category) values (5, 'Victor', 'Ivanov', 'without discount card');
insert into customer (customer_id, first_name, last_name, category) values (6, 'Ekaterina', 'Ivanova', 'with discount cards');

CREATE TABLE calendar
(date_id date,
 holiday_flg int
);

insert into calendar (date_id, holiday_flg) values ('01/01/2023', 1);
insert into calendar (date_id, holiday_flg) values ('01/02/2023', 1);
insert into calendar (date_id, holiday_flg) values ('01/03/2023', 1);
insert into calendar (date_id, holiday_flg) values ('01/04/2023', 1);
insert into calendar (date_id, holiday_flg) values ('01/05/2023', 1);
insert into calendar (date_id, holiday_flg) values ('01/06/2023', 1);
insert into calendar (date_id, holiday_flg) values ('01/07/2023', 1);
insert into calendar (date_id, holiday_flg) values ('01/08/2023', 1);
insert into calendar (date_id, holiday_flg) values ('01/09/2023', 0);
insert into calendar (date_id, holiday_flg) values ('01/10/2023', 0);
insert into calendar (date_id, holiday_flg) values ('01/11/2023', 0);
insert into calendar (date_id, holiday_flg) values ('01/12/2023', 0);
insert into calendar (date_id, holiday_flg) values ('01/13/2023', 0);
insert into calendar (date_id, holiday_flg) values ('01/14/2023', 1);
insert into calendar (date_id, holiday_flg) values ('01/15/2023', 1);
insert into calendar (date_id, holiday_flg) values ('01/16/2023', 0);
insert into calendar (date_id, holiday_flg) values ('01/17/2023', 0);
insert into calendar (date_id, holiday_flg) values ('01/18/2023', 0);
insert into calendar (date_id, holiday_flg) values ('01/19/2023', 0);
insert into calendar (date_id, holiday_flg) values ('01/20/2023', 0);
insert into calendar (date_id, holiday_flg) values ('01/21/2023', 1);
insert into calendar (date_id, holiday_flg) values ('01/22/2023', 1);
insert into calendar (date_id, holiday_flg) values ('01/23/2023', 0);
insert into calendar (date_id, holiday_flg) values ('01/24/2023', 0);
insert into calendar (date_id, holiday_flg) values ('01/25/2023', 0);
insert into calendar (date_id, holiday_flg) values ('01/26/2023', 0);
insert into calendar (date_id, holiday_flg) values ('01/27/2023', 0);
insert into calendar (date_id, holiday_flg) values ('01/28/2023', 1);
insert into calendar (date_id, holiday_flg) values ('01/29/2023', 1);
insert into calendar (date_id, holiday_flg) values ('01/30/2023', 0);
insert into calendar (date_id, holiday_flg) values ('01/31/2023', 0);

CREATE TABLE discount
(product_id int,
 rate float
);

insert into discount (product_id, rate) values (8, 50);
insert into discount (product_id, rate) values (9, 20);
insert into discount (product_id, rate) values (10, 10);
insert into discount (product_id, rate) values (17, 50);
insert into discount (product_id, rate) values (18, 20);
insert into discount (product_id, rate) values (24, 10);

CREATE TABLE bitcoin_prices (
    id bigint PRIMARY KEY GENERATED ALWAYS AS IDENTITY,
    price numeric,
    date_and_time timestamp
);

INSERT INTO bitcoin_prices (date_and_time, price)
VALUES
('2022-01-01 09:00:00', 45000),
('2022-01-01 12:00:00', 37000),
('2022-01-01 15:00:00', 57000),
('2022-01-01 18:00:00', 48000),
('2022-01-02 09:00:00', 49000),
('2022-01-02 12:00:00', 40000),
('2022-01-02 15:00:00', 58000),
('2022-01-02 18:00:00', 52000),
('2022-01-03 09:00:00', 49000),
('2022-01-03 12:00:00', 45000),
('2022-01-03 15:00:00', 65000),
('2022-01-04 18:00:00', 50000),
('2022-01-04 09:00:00', 44000),
('2022-01-04 12:00:00', 58000),
('2022-01-04 15:00:00', 51000),
('2022-01-04 18:00:00', 54000),
('2022-01-05 09:00:00', 43000),
('2022-01-05 12:00:00', 40000),
('2022-01-05 15:00:00', 51000),
('2022-01-05 18:00:00', 45000),
('2022-02-01 09:00:00', 40500),
('2022-02-01 12:00:00', 33300),
('2022-02-01 15:00:00', 51300),
('2022-02-01 18:00:00', 43200),
('2022-02-02 09:00:00', 44100),
('2022-02-02 12:00:00', 36000),
('2022-02-02 15:00:00', 52200),
('2022-02-02 18:00:00', 46800),
('2022-02-03 09:00:00', 44100),
('2022-02-03 12:00:00', 40500),
('2022-02-03 15:00:00', 58500),
('2022-02-04 18:00:00', 45000),
('2022-02-04 09:00:00', 38600),
('2022-02-04 12:00:00', 52200),
('2022-02-04 15:00:00', 45900),
('2022-02-04 18:00:00', 48600),
('2022-02-05 09:00:00', 38700),
('2022-02-05 12:00:00', 36000),
('2022-02-05 15:00:00', 45900),
('2022-02-05 18:00:00', 40500);

CREATE TABLE actions (
    id bigint PRIMARY KEY GENERATED ALWAYS AS IDENTITY,
    month varchar(255),
    home_page int,
    search_page int,
    payment_page int,
    confirmation_page int
);

INSERT INTO actions (
    month, home_page, search_page, payment_page, confirmation_page
) VALUES
('January', 1, 1, 1, 1),
('January', 1, 1, 1, 1),
('January', 1, 1, 1, 1),
('January', 1, 1, 1, 1),
('January', 1, 1, 1, 1),
('January', 1, 1, 1, 1),
('January', 1, 1, 1, 0),
('January', 1, 1, 1, 0),
('January', 1, 1, 1, 0),
('January', 1, 1, 1, 0),
('January', 1, 1, 0, 0),
('January', 1, 1, 0, 0),
('January', 1, 1, 0, 0),
('January', 1, 1, 0, 0),
('January', 1, 1, 0, 0),
('January', 1, 1, 0, 0),
('January', 1, 0, 0, 0),
('January', 1, 0, 0, 0),
('January', 1, 0, 0, 0),
('January', 1, 0, 0, 0),
('January', 1, 0, 0, 0),
('January', 1, 0, 0, 0),
('January', 1, 0, 0, 0),
('January', 1, 0, 0, 0),
('January', 1, 0, 0, 0),
('January', 1, 0, 0, 0),
('January', 1, 0, 0, 0),
('January', 1, 0, 0, 0),
('January', 1, 0, 0, 0),
('January', 1, 0, 0, 0),
('January', 1, 0, 0, 0),
('January', 1, 0, 0, 0),
('January', 1, 0, 0, 0),
('January', 1, 0, 0, 0),
('January', 1, 0, 0, 0),
('January', 1, 0, 0, 0),
('January', 1, 1, 1, 0),
('January', 1, 1, 1, 0),
('January', 1, 1, 1, 0),
('January', 1, 1, 1, 0),
('January', 1, 1, 1, 0),
('January', 1, 1, 1, 0),
('January', 1, 1, 1, 0),
('January', 1, 1, 1, 1),
('January', 1, 1, 1, 1),
('February', 1, 1, 1, 1),
('February', 1, 1, 1, 1),
('February', 1, 1, 1, 1),
('February', 1, 1, 1, 1),
('February', 1, 1, 1, 1),
('February', 1, 1, 1, 1),
('February', 1, 1, 1, 1),
('February', 1, 1, 1, 1),
('February', 1, 1, 1, 1),
('February', 1, 1, 1, 1),
('February', 1, 1, 1, 1),
('February', 1, 1, 1, 1),
('February', 1, 1, 1, 1),
('February', 1, 1, 1, 1),
('February', 1, 1, 1, 1),
('February', 1, 1, 1, 1),
('February', 1, 1, 1, 1),
('February', 1, 1, 1, 1),
('February', 1, 1, 1, 1),
('February', 1, 1, 1, 1),
('February', 1, 1, 1, 1),
('February', 1, 1, 1, 0),
('February', 1, 1, 1, 0),
('February', 1, 1, 1, 0),
('February', 1, 1, 1, 0),
('February', 1, 1, 1, 0),
('February', 1, 1, 1, 0),
('February', 1, 1, 1, 0),
('February', 1, 1, 0, 0),
('February', 1, 1, 0, 0),
('February', 1, 1, 0, 0),
('February', 1, 1, 0, 0),
('February', 1, 1, 0, 0),
('February', 1, 1, 0, 0),
('February', 1, 1, 0, 0),
('February', 1, 1, 0, 0),
('February', 1, 1, 0, 0),
('February', 1, 0, 1, 1),
('February', 1, 0, 1, 0),
('February', 1, 0, 0, 0),
('February', 1, 0, 0, 0),
('February', 1, 0, 0, 0),
('February', 1, 0, 0, 0),
('February', 1, 0, 0, 0),
('February', 1, 0, 0, 0),
('February', 1, 0, 0, 0),
('February', 1, 0, 0, 0),
('February', 1, 0, 0, 0),
('February', 1, 0, 0, 0),
('February', 1, 0, 0, 0),
('February', 1, 0, 0, 0),
('February', 1, 0, 0, 0),
('February', 1, 0, 0, 0),
('February', 1, 0, 0, 0);
